#,Company Name,About,Outreach Insight,Headline,Top Opportunity,Brief URL,Slug,Review Status,Notes,OK to send?
1,Abby Care,Home care platform helping families hire Medicaid-paid caregivers across expanding states.,"Abby Care has clear momentum from a recent capital raise and is moving quickly to scale its AI-powered, family-first care platform into new states while hiring AI-native product talent. That growth means they need public-facing enrollment and caregiver-facing experiences that can be reproduced and polished for each state launch. Upstory could help them define a lightweight, repeatable design playbook for caregiver enrollment, consent and decision moments — an outside-in partner who can ship high-polish public flows that speed state rollouts without slowing their hiring or operations teams. This would let Abby Care present a consistent, mission-forward experience to families and partners as they expand.",We believe we can help Abby Care cut median days-to-certification to 45 in each new state.,Unify training and Medicaid paperwork into one guided path to cut days-to-certification in each new state.,https://clients.upstory.co/abby-care,abby-care,Pending,,
2,AKKO,"Device protection sold through partner embeds and checkout, now integrating Upsie.","AKKO is actively broadening partner distribution and integrating acquired capabilities to make device protection easier for partners and end customers. With the Upsie integration and a public presence at Channel Partners Expo, they are focused on accelerating partner launches and making the purchase and activation moments frictionless for new channel partners. Upstory could credibly help AKKO shorten partner ramp time and increase partner-led conversions by refining those public partner-facing flows so partner launches feel polished and convert more reliably. This enables AKKO’s commercial expansion without demanding additional internal engineering capacity.",We believe we can help AKKO shorten partner time-to-first policy sale after the Upsie integration.,Show coverage value before the partner commits engineering.,https://clients.upstory.co/akko,akko,Pending,,
3,AutosToday,"Consumer car marketplace and app connecting buyers, sellers, and dealerships.","AutosToday appears to be scaling a consumer marketplace and mobile app to connect buyers, sellers, and thousands of dealerships. That growth implies they are trying to make high-friction steps—like submitting offers, scheduling test drives, and completing payments/verification—feel straightforward and reliable for first-time users. From the outside, Upstory could help by observing the public app flows, dealer-facing onboarding experiences, and app-store feedback to identify small-scope, high-impact improvements to those commitment moments so AutosToday can accelerate conversions without slowing their product roadmap.",We believe we can help AutosToday lift buyer lead-to-test-drive booking to 40%.,Surface all-in price and seller proof on the listing.,https://clients.upstory.co/autostoday,autostoday,Pending,,
4,Bambino Sitters,Neighborhood babysitting marketplace with parent and sitter referrals.,"Bambino is clearly focused on scaling a marketplace that relies on dependable sitters and smooth, on-the-spot bookings while evolving its monetization and referral mechanics. That pattern looks like a push to strengthen sitter supply economics and standardize the parent booking and payment experience as they expand into new cities. Upstory could credibly partner to help shape the public-facing pieces of new market launches and sitter-first onboarding—the customer-facing flows parents see when they first encounter a sitter's profile, the first confirmed booking, and the payment messaging—so Bambino can roll out new markets with consistent polish that supports faster bookings and higher sitter retention.",We believe we can help Bambino lift parent first booking to 45% of signups.,Lead with sitter social proof before payment.,https://clients.upstory.co/bambino-sitters,bambino-sitters,Pending,,
5,Caramel,"Vehicle marketplace checkout and escrow for private-party sales, including eBay listings.","Caramel is in the middle of turning a startup checkout product into a platform-scale checkout offering inside eBay’s ecosystem — a moment where user-facing checkout polish directly impacts conversion and adoption. Given their public positioning as a checkout service for private-party and independent-dealer sales and the recent eBay integration, they’re likely focused on rolling Caramel’s buyer/seller flows into larger marketplaces and dealer workflows while keeping the experience simple for people who must hand over money and legal paperwork. Upstory could credibly help by acting as an external partner to rapidly refine the public-facing checkout and dealer onboarding experiences that will determine initial adoption rates across eBay Motors and partner dealers, enabling a smoother rollout without pulling senior product/design bandwidth off core platform work.",We believe we can help Caramel lift eBay checkout completion by 15% on private-party listings.,Front-load buyer protection before payment details.,https://clients.upstory.co/caramel,caramel,Pending,,
6,CareClinic,Patient-facing remote monitoring and personal health tracking for clinics and pharmacies.,"CareClinic is positioning itself as a comprehensive patient-facing remote patient management and personal health tracking platform that supports clinics, pharmacies, and hospitals in keeping patients accountable and shared with providers. They appear to be pushing adoption among clinical partners and patients while emphasizing HIPAA-compliant data collection and daily logging — which makes the patient-facing enrollment, consent, and initial care-plan setup experiences high-leverage moments for broader adoption. Upstory could help accelerate rollouts of new partnerships or clinic integrations by bringing a focused, outside-in review of the public-facing onboarding and care-setup flows to make those early moments clearer and easier for patients and clinicians to commit to the product.",We believe we can help CareClinic lift patient program enrollment completion to 55%.,Preview care plan benefits before device or log setup.,https://clients.upstory.co/careclinic,careclinic,Pending,,
7,Carpooll,"Canadian long-distance rideshare app scaling toward 15,000+ members.","Carpooll.com is successfully building momentum in the Canadian rideshare market, recently reaching over 15,000 users and ranking in the top 60 for Travel on the App Store. With the current focus on scaling through content creation, there is an opportunity to further accelerate this growth by polishing the user experience during the critical identity verification and 'Pinkpool' onboarding moments. Enhancing the fluidity of these high-engagement steps can help ensure that the influx of new users converts into long-term community members. Supporting their ambition to provide a secure and cost-saving alternative could help them solidify their position as the leading carpool community in Canada.",We believe we can help Carpooll lift first trip booked to 38% of new members.,Show trip and driver proof before first message.,https://clients.upstory.co/carpooll,carpooll,Pending,,
8,CatchCorner,Sports Illustrated–branded app for booking courts and activities across North America.,"CatchCorner by Sports Illustrated is rapidly scaling its footprint through the new CityPickle partnership and its integration with Google Reserve, positioning itself as the primary hub for North American sports bookings. As they expand into high-demand urban racquet sports, the moment where a user commits to a specific court reservation becomes the most critical touchpoint for ensuring long-term retention. There is an opportunity to help them further polish the transition from digital discovery to real-world play, ensuring that every new facility added to the network maintains the high standard of user experience expected from the Sports Illustrated brand. Accelerating the ease of these high-stakes booking moments will be key as they onboard a surge of new urban athletes.",We believe we can help CatchCorner lift booking completion to 55% of facility views.,"Lock court, price, and cancellation before payment.",https://clients.upstory.co/catchcorner,catchcorner,Pending,,
9,Cirtru,Neighborhood and rental community platform scaling organic discovery.,"Cirtru is clearly focused on aggressive user acquisition, evidenced by the goal to scale organic traffic to 10 million and a recent surge in neighborhood-focused content. As this top-of-funnel growth accelerates, there is a significant opportunity to ensure the experience of moving from a public guide into a property inquiry or renter verification flow is as seamless as possible. Helping Cirtru polish these specific handoff moments could help them maximize the value of their new traffic without requiring additional engineering resources. This would allow the team to focus on scaling acquisition while ensuring that the surge in visitors translates into successful, high-quality user actions.",We believe we can help Cirtru lift visitor-to-signup conversion to 12% on neighborhood pages.,Lead with hyperlocal content before account ask.,https://clients.upstory.co/cirtru,cirtru,Pending,,
10,Citizen Health,"Consumer health app for records, visit summaries, and care navigation.","Ciitizen is scaling its AI Advocate from web to mobile and bringing it into live appointments and care workflows; they’re trying to turn complex, longitudinal medical histories into concise, actionable experiences patients can rely on in the moment. That ambition creates high-leverage public-facing moments — the in-app enrollment and consent flow for connecting medical records, the appointment recording and smart-notetaking experience, and the plain-language summaries patients share with clinicians and schools. Upstory could credibly help Ciitizen accelerate that rollout by partnering as a focused external product-design team to polish those specific consumer-facing flows (onboarding/consent, appointment experience, and summary delivery) so they land with clarity and confidence at scale without requiring Ciitizen to pause hiring or rebuild internal processes.",We believe we can help Citizen Health add 90 five-star App Store ratings.,Earn public App Store proof right after in-product wins instead of leading with email signup alone.,https://clients.upstory.co/citizen-health,citizen-health,Pending,,
11,Cloaked,Identity privacy app moving from consumer aliases into enterprise workspace sales.,"Cloaked recently secured $375M to accelerate their expansion into the enterprise market and enhance their AI-driven privacy protections. As they transition from a consumer-first platform to a broader enterprise solution, the onboarding experience for professional identity management becomes a high-leverage area for driving adoption. We can help them maintain high product polish during this rapid scaling phase, ensuring that the complex process of generating and guarding digital identities remains effortless for their growing user base. This support would allow their engineering team to stay focused on core AI development while we help accelerate their enterprise-ready user experience.",We believe we can help Cloaked lift enterprise trial-to-paid conversion by 25%.,Lead with a usable alias before the enterprise contract ask.,https://clients.upstory.co/cloaked,cloaked,Pending,,
12,CoPilot,Consumer app simplifying browse-to-buy for new and used vehicles.,"CoPilot is clearly trying to make it simple for consumers to move from browsing to an actual car purchase—including decisions that involve money, financing, and scheduling real-world dealer interactions—and they’re packaging AI as the assistant that guides those commitments. That public-facing commitment path is where a lot of conversion is earned or lost, and polishing those consumer-facing moments can materially accelerate uptake of new features or partnerships. As an outside partner, Upstory could work with CoPilot to shape and prototype the visible flows that help more users confidently complete purchases and financing steps, enabling a smoother rollout of new product capabilities without slowing their internal team.",We believe we can help CoPilot lift finance-prequalified shoppers to dealer visit by 30%.,Show payment range and dealer fit before lead send.,https://clients.upstory.co/copilot,copilot,Pending,,
13,Diem,On-demand home services marketplace across 30 U.S. and Canadian cities.,"Diem is successfully scaling a marketplace that brings verified service providers into homes across 30 cities, making the moment of booking and provider arrival a high-leverage area for user activation. As they continue to expand their footprint, there is an opportunity to polish the public-facing arrival notifications and provider profiles to ensure new customers feel fully confident in their first service. Providing targeted design refinements for these specific moments can help Diem accelerate repeat bookings and customer loyalty as they scale into new markets. This approach allows their team to stay focused on operational growth while ensuring the user experience remains premium across every city.",We believe we can help Diem lift first-booking completion to 50% of new app installs.,Show provider profile and arrival proof before confirm.,https://clients.upstory.co/diem-app,diem-app,Pending,,
14,Dorsia,Paid membership club for hard-to-book restaurants and global dining experiences.,"Dorsia is scaling its paid membership and premium-experience product after a meaningful Series A and is building new payment and cultural features like wallet and crypto payments. That suggests their immediate goal is to convert more applicants into paid members and make high-value reservations feel seamless and worth the upfront commitment. Upstory could help by working as a short-term, focused partner to refine the public-facing membership purchase, wallet top-up, and benefit-visibility moments so those launches and payment capabilities convert and land with the polish expected by tastemakers.",We believe we can help Dorsia convert 20% more membership applicants to paid members.,Show a real reservation outcome before the membership fee.,https://clients.upstory.co/dorsia,dorsia,Pending,,
15,Eternal,"Performance health program for lifelong athletes combining labs, coaching, and visits.","Eternal is building a high-performance care model for lifelong athletes and is likely working to translate that clinical, scientist-driven approach into public-facing enrollment and first-care experiences that invite people to commit to programs. That early public-facing commitment, such as signing up for care plans and sharing health history, is a high-leverage place to ensure more people complete their first meaningful care action. Upstory could credibly help Eternal bring outside-in user research and targeted design work to refine those enrollment and first-session moments so the company can launch and scale its clinical offering to more consumers without overloading internal hires.",We believe we can help Eternal lift athlete enrollment completion to 65%.,Offer a performance snapshot before full intake.,https://clients.upstory.co/eternal,eternal,Pending,,
16,Everplans,Digital vault and life-planning platform for financial advisors inside Precoa.,"Everplans is doubling down on being the enterprise-facing digital vault and advisor-facing life-planning platform as part of Precoa, so their priority is likely extending advisor distribution and smoothing client onboarding for advisor-led plans. The high-leverage public moments are the consumer-facing account setup and the advisor-branded onboarding flows where clients must securely share identity and policy documents before they see value. Upstory could credibly help Everplans accelerate partner rollouts or advisor program adoption by externally shaping those public flows. Polishing the visible onboarding and document-sharing experience ensures advisors can more confidently recommend the product and clients complete setup faster.",We believe we can help Everplans lift advisor-led vault activation to 50% of invited clients.,Show a sample vault outcome before advisor handoff.,https://clients.upstory.co/everplans,everplans,Pending,,
17,Faireez,Hotel-style in-building housekeeping sold as a landlord amenity in major U.S. cities.,"Faireez is positioning itself to scale hotel-style, in-building housekeeping across major U.S. cities and to embed its service as a building amenity for landlords and property managers. That public ambition implies they need repeatable, polished public-facing experiences that convert building residents into subscribers through booking flows and app clarity. Upstory could credibly help accelerate those launches by bringing an outside-in design focus to the resident-facing booking and landlord-facing product pages. This would ensure each new building launch maintains a high level of polish without forcing Faireez to slow hiring or retool internal teams.",We believe we can help Faireez lift resident booking conversion to 35% of building invites.,Preview a typical clean before residents pick a slot.,https://clients.upstory.co/faireez,faireez,Pending,,
18,Foodini,"Restaurant platform for personalized menus and dietary compliance, including SB 68 tools.","Foodini is clearly focused on scaling partner integrations and making menu-level dietary intelligence actionable for diners through the new Personalized Menu features and SB 68 compliance tools. As these partner launches roll out, the public-facing menu and integration flows are high-leverage moments for driving diner adoption and partner satisfaction. Upstory could help Foodini accelerate this momentum by polishing the outside-in experience for these rollouts—refining how diners discover and interact with personalized data so they immediately feel confident using the new capabilities at the point of decision.",We believe we can help Foodini lift diner engagement on partner menus by 30%.,Show personalized filters working on a real menu.,https://clients.upstory.co/foodini,foodini,Pending,,
19,Getmyboat,Boat rental marketplace merging two large inventories into one booking experience.,"Getmyboat is in the middle of integrating two large marketplaces to unlock broader inventory and more seamless discovery for renters worldwide; that public-facing integration moment makes the booking and confirmation experience especially high-leverage for adoption. They are likely working to present a single, polished flow that handles diverse boat types, local rules, and captain/owner interactions across geographies. Upstory could credibly help by observing the public booking and payment flows and designing high-polish, repeatable patterns for renter-facing confirmations and owner/captain acceptance screens that accelerate rollout without adding headcount.",We believe we can help Getmyboat lift booking completion across integrated inventory by 18%.,Show total trip clarity before payment.,https://clients.upstory.co/getmyboat,getmyboat,Pending,,
20,GoFree,Social neobank for chat-native cross-border payments across 16+ countries.,"GoFree is building a social-first neobank that makes cross-border payments feel as simple as chatting, and they’re scaling a product that hands users control of local and foreign accounts inside conversational flows. Right now they’re likely focused on growing users and keeping payments smooth while handling the support load that comes with international rails and multiple currency accounts. Upstory could help them accelerate new-user activation and post-signup confidence by externally validating and polishing the visible moments where people first add an account, receive their first inbound payment, or complete an in-chat payment confirmation—helping those public-facing touchpoints feel smoother and more immediately credible without needing to be embedded in their engineering roadmap.",We believe we can help GoFree lift first inbound payment to 50% of verified accounts within seven days.,Show a completed chat payment before KYC finish.,https://clients.upstory.co/gofree,gofree,Pending,,
21,Goldin,Collectibles auction house integrating tightly with eBay for high-value lots.,"Goldin is actively integrating more tightly with eBay and scaling the public-facing reach of high-value auctions; their immediate ambition is to capture larger GMV by smoothing the buyer and consignor experience as Goldin operates under the eBay umbrella. From the outside, the high-leverage places to accelerate that ambition are the public flows where sellers consign items and bidders commit multi-million-dollar purchases — the visible product moments that determine whether a bidder converts or a consignor chooses Goldin over alternative channels. Upstory could act as a short-term, observation-led partner to quickly audit those buyer/seller touchpoints, prototype high-polish micro-interactions and clarity in the public flows, and deliver targeted, ship-ready changes that help Goldin amplify its eBay integration without slowing internal teams.",We believe we can help Goldin lift winning-bid payment completion to 92% on high-value lots.,Confirm buyer funds and fees before the hammer drop.,https://clients.upstory.co/goldin,goldin,Pending,,
22,Granted Health,Consumer health finance product (formerly Medbill AI) preparing for public launch.,"Granted Health appears to be shifting from stealth toward a public launch and rapid user growth, and they’re hiring a Founding Growth Product Manager to operationalize product-led acquisition. That combination makes the public-facing bill submission and insurance-authorization flows high-leverage for early adoption: polishing the moments where users opt into data sharing, upload bills, and grant claims-authority will materially affect how smoothly people convert and stay engaged. Upstory could credibly help by working as a short, outcome-focused partner to externalize the user-facing onboarding and consent flows—shaping the visible experience that drives conversion for early cohorts so their newly hired growth product leader can scale acquisition confidently.",We believe we can help Granted Health lift bill-upload completion to 65% of signups.,Show a sample savings outcome before bill upload.,https://clients.upstory.co/medbill-ai,medbill-ai,Pending,,
23,Gride Technology,"On-demand rides, delivery, and event transport in one super-app experience.","Gride is pushing beyond basic ride-hailing toward event transport and bundled on-demand services around a high-profile moment like the World Cup. This implies an ambition to drive predictable, bookable demand at scale for time-sensitive services while bringing restaurants and drivers into a single app experience. There is an opportunity to help accelerate this expansion by focusing on the public booking and reservation flows to ensure a seamless experience for fans committing to match-day transport. Polishing these high-leverage user moments can support smoother launches and drive higher adoption as Gride scales its new service lines.",We believe we can help Gride lift event transport bookings to 40% of match-day app opens.,Pre-fill event venues and surge expectations upfront.,https://clients.upstory.co/gride-technology,gride-technology,Pending,,
24,Home Alliance,Consumer marketplace for booking vetted in-home services.,"Home Alliance is building a fast, reliable consumer booking experience for in-home services and appears to be scaling the public-facing appointment and confirmation flow. Given that promise, a high-leverage way to accelerate adoption is to tighten the visible signals that reassure homeowners from booking through technician arrival — messaging cadence, expected-time communications, and public-facing verification that make commitment feel effortless. Upstory could partner as a focused external product design resource to observe those public moments, prototype clearer booking and pre-visit experiences, and help Home Alliance amplify the launch and adoption of those improvements without adding internal headcount.",We believe we can help Home Alliance lift booking completion to 55% of started requests.,Surface pro credentials and price before confirm.,https://clients.upstory.co/home-alliance,home-alliance,Pending,,
25,HOMMA,Tech-forward home builder delivering smart-home living across U.S. and Japan communities.,"HOMMA is clearly scaling the HOMMA smart-home offering from single prototypes into multi-unit and partner-backed projects across the U.S. and Asia. That suggests they are trying to turn high-touch demonstrations into repeatable, public-facing experiences—leasing, move-in, and resident onboarding for smart-home features—across different building types and markets. From a cold external position, the most credible way to help accelerate that effort is to partner on the outward-facing launch moments: the leasing/move-in experience, the public product flows that introduce residents to the HOMMA platform, and partner integration touchpoints (e.g., channel/partner launch materials) so each new community rolls out with consistent polish without adding headcount.",We believe we can help HOMMA lift resident smart-home activation to 70% within 14 days of move-in.,Preview the resident app during leasing tours.,https://clients.upstory.co/homma,homma,Pending,,
26,HOOPT,AI-powered lifestyle app expanding with HOOPT Baja and deeper engagement features.,"With the recent launch of HOOPT Baja and active hiring for AI and front-end engineering, HOOPT is clearly evolving into a more sophisticated, AI-powered lifestyle platform. As the app moves toward deeper integration of social 'Connections' and personal 'Collections,' the initial experience of sharing and collaborating on lists becomes a critical driver for user retention. There is an opportunity to help HOOPT accelerate this transition by refining the high-leverage moments where users first invite friends into their digital world. Supporting their team in polishing these collaborative flows could amplify the impact of the Baja release and ensure the new AI capabilities feel seamless within the user journey.",We believe we can help HOOPT lift HOOPT Baja feature adoption to 40% of active users.,Guide users to one Baja outcome in the first session.,https://clients.upstory.co/hoopt,hoopt,Pending,,
27,Incogni,"Personal data removal across 180+ brokers, expanding into Ironwall for high-risk professionals.","Incogni appears to be building beyond a single consumer removal product toward specialized offerings like Ironwall that serve higher-risk users—employees, executives, judges, and law enforcement—where each new customer onboarding requires sharing highly sensitive details. Helping them refine those public-facing commitment moments from the outside-in could make launches of specialized product lines and partner rollouts smoother and more scalable without adding headcount. Upstory can bring observation-based product work focused on those commitment moments to help Incogni increase activation and conversion for high-value customers as they scale Ironwall alongside the core Incogni product.",We believe we can help Incogni lift Ironwall onboarding completion to 65% of qualified signups.,Show removal scope and timeline before sensitive intake.,https://clients.upstory.co/incogni,incogni,Pending,,
28,Intrivo,AI healthcare platform scaling consumer test activation and partner result reporting.,Intrivo appears focused on scaling a consumer-facing health product across a large base of app users and partners after a major government award. That's an expansion play where the public-facing app flows and first-run user experiences around test activation and result reporting are high-leverage for adoption and retention. Upstory could credibly support by bringing outside-in product observation and design polish to those public user moments like app onboarding and partner enablement flows. This would allow Intrivo to amplify the rollout of new channels or partnerships without stretching internal hires.,We believe we can help Intrivo lift test activation to 60% of app installs within seven days.,Walk users through a sample result before kit activation.,https://clients.upstory.co/intrivo,intrivo,Pending,,
29,Ivideon,"Cloud video surveillance with analytics for SMB, enterprise, and home users.","Ivideon appears to be scaling enterprise and cross-vertical adoption of advanced camera analytics while supporting both SMB and home users. This suggests a near-term goal of making sophisticated features like face recognition and thermal measurement easy to adopt and trust across diverse customer types. From a cold position, a credible way to help would be to offer observation-driven improvements to the public product flows that bridge device setup and feature activation. Helping Ivideon shorten the path from installation to active use of these analytics would accelerate their expansion into new vertical markets.",We believe we can help Ivideon lift trial-to-paid conversion on advanced analytics to 40%.,Offer a live analytics preview on sample footage.,https://clients.upstory.co/ivideon,ivideon,Pending,,
30,Jiffy,On-demand marketplace matching homeowners to vetted trades in minutes.,"Jiffy is clearly trying to make on-demand home maintenance feel as effortless as possible for homeowners while scaling service availability across regions. That ambition creates a high-leverage set of public user moments — booking a trade, committing payment or appointment time, and receiving clear arrival/identity confirmation — where polish in the public-facing experience can meaningfully increase completed bookings and repeat usage. Upstory could come in as a short, observation-led partner to help prioritize and refine those few public moments (confirmation language, ETA/professional proof, and first-job experience) so Jiffy can accelerate adoption in newly acquired or expanded markets without slowing their product roadmap.",We believe we can help Jiffy lift booking confirmation to 55% of started service requests.,Show pro credentials and all-in price before confirm.,https://clients.upstory.co/jiffy,jiffy,Pending,,
31,Kaly,Healthtech platform using ML to match patients to the right doctors faster.,"Kaly is successfully leveraging machine learning to simplify the complex process of finding the right healthcare provider. As they continue to scale their matching software, the public-facing moment where a patient selects a doctor becomes the most critical point for user activation and long-term retention. There is an opportunity to help them refine this specific experience from the outside-in, ensuring that the data-driven insights they provide translate into immediate user confidence. Polishing this high-leverage product moment could accelerate their mission of reducing inappropriate healthcare spend by making the right choice the easiest one for every patient.",We believe we can help Kaly lift doctor shortlist saves to 60% of completed intake flows.,Explain why each doctor fits before shortlist save.,https://clients.upstory.co/kaly,kaly,Pending,,
32,Lasting at Talkspace,Couples counseling subscription inside Talkspace's telebehavioral-health platform.,"Lasting, now integrated into Talkspace, is clearly focused on scaling a consumer subscription product around guided couples counseling and extending reach inside a larger telebehavioral-health platform. Helping them smooth the public-facing commitment moments — the app store/landing-page narrative, the subscription purchase and first-session entry experience, and how the product presents integrated Talkspace capabilities — would accelerate adoption of any integrated offerings without disrupting their internal roadmap. As an outside design partner you could rapidly prototype and validate higher-polish flows and messaging that make joining and starting guided counseling feel clearer and more compelling for couples, supporting their growth and integration goals.",We believe we can help Lasting lift subscription start to 45% of store visitors who complete onboarding.,Show the first guided session before paywall.,https://clients.upstory.co/lasting,lasting,Pending,,
33,LegitApp,Authentication service for luxury goods sold on marketplaces and social commerce.,"LegitApp is clearly pushing credibility and platform-level scale — publicizing a near-perfect accuracy rate and updating authentication standards while operating partnerships (e.g., TikTok Shop) and serving millions of users. That suggests they're focused on making authentication both a reliable third-party credential for marketplaces/resellers and a seamless consumer-facing moment sellers/buyers accept when committing money or listings. Upstory could credibly help accelerate those goals by partnering to refine the public-facing moments where a buyer or seller commits (the certificate display, tag flows, and partner integration screens) to better communicate the new accuracy and the value of the certificate so more marketplace partners and consumers complete transactions with confidence.",We believe we can help LegitApp lift first-submit authentication pass rate to 95%.,Show what happens during authentication before the user commits.,https://clients.upstory.co/legit-app,legit-app,Pending,,
34,Lolli,"Bitcoin and cash-back rewards on everyday spend, now via card-linked offers with Kard.","Lolli is clearly expanding beyond browser/app shopping rewards into always-on card-linked Bitcoin rewards through its recent Kard partnership, while deepening integrations across the Thesis ecosystem for faster payouts. The public card-linking and first-use experience will be a high-leverage interface for driving adoption of this new capability. Upstory could help Lolli accelerate that rollout by bringing an outside-in product perspective on the public linking flow and onboarding messaging. This would help ensure the launch converts and scales effectively without slowing down internal product development.",We believe we can help Lolli lift card-linked reward activation to 45% of eligible users.,Prove the reward before asking for card link.,https://clients.upstory.co/lolli,lolli,Pending,,
35,Marble at The Zebra,Insurance policy management experience now part of The Zebra's comparison platform.,"Marble is now part of The Zebra, aiming to scale its insurance management mission to a much larger audience. As they integrate Marble’s identity-focused technology into The Zebra’s platform, there is a significant opportunity to polish the consumer-facing moments where users link their sensitive policy data. Helping them streamline these onboarding flows could accelerate the adoption of Marble’s tools within The Zebra’s ecosystem. This partnership would allow their internal teams to focus on core infrastructure while ensuring the user experience remains world-class during this expansion.",We believe we can help Marble lift policy-link completion to 60% of Zebra users who start connect.,Preview organized policies before credential link.,https://clients.upstory.co/marble,marble,Pending,,
36,MealPal,Lunch subscription marketplace for affordable pickup near work.,"MealPal is focused on growing its membership and restaurant footprint while keeping lunchtime pickup simple and affordable for hybrid workers and busy professionals. As they scale partner volume and member plans, the public-facing reservation and payment flows become high-leverage for retention and repeat use. Upstory could help MealPal accelerate that expansion by evaluating and refining the reservation and payment experience customers see in the app and web so launches into new neighborhoods feel polished and convert more members without adding internal headcount.",We believe we can help MealPal lift new member first pickup to 60% within seven days.,Preview tomorrow's pickup before membership commit.,https://clients.upstory.co/mealpal,mealpal,Pending,,
37,MoboKey,"Contactless car access hardware for rentals, fleets, and Turo hosts.","MoboKey is clearly pushing into the car-rental and fleet market with recent initiatives around Turo and contactless rentals. They are positioning their hardware as the enablement layer for B2B partners, creating an opening to help them sharpen the public-facing partner and rental experience. Upstory could help by refining the interface touchpoints that make fleet partners comfortable sending keys to strangers and onboarding guests at scale. This would enable faster partner wins and smoother rollouts for their new car-sharing features.",We believe we can help MoboKey lift partner fleet activation to 70% of shipped devices.,Walk operators through a live unlock demo before install.,https://clients.upstory.co/mobokey,mobokey,Pending,,
38,Modak,Gamified banking and financial learning app for teens and families.,"Modak is clearly building a polished, gamified money-and-learning ecosystem for teens and families and is hiring designers to level up product experience and engagement. That hiring signal suggests they’re focused on product polish, motion, and behavioral design to make the card onboarding, allowance/payout, and chore/goal flows feel delightful and easy for both parents and teens. As an external partner, Upstory could help accelerate those public-facing moments where families commit money or set up cards—work that can be scoped as a time-limited engagement to raise the polish and clarity of key onboarding and funding flows ahead of broader growth initiatives.",We believe we can help Modak lift parent-approved account activation to 50% of teen signups.,Let teens preview rewards before parent approval.,https://clients.upstory.co/modak,modak,Pending,,
39,OtoZen,"Family driving safety app with live location, crash response, and teen driver coaching.","OtoZen is focused on making family driving safe and connected—features like automatic crash response, live location/ETA, and driver behavior feedback are designed to get families to trust the app enough to share location and emergency details. That ambition implies high-leverage, public-facing moments where users must grant permissions, connect family members, and opt into crash/alert features; polishing those moments from an outside-in product perspective could increase how many installs become engaged, long-term users. Upstory could help by running short, observation-driven engagements that refine the mobile onboarding and first-run flows (permission prompts, emergency contact setup, and how driving feedback is introduced) so OtoZen can scale adoption and keep the product feeling polished as it seeks wider family adoption.",We believe we can help OtoZen lift family circle activation to 55% of primary account signups.,Stage permissions after one safety outcome preview.,https://clients.upstory.co/otozen,otozen,Pending,,
40,OurFamilyWizard,Co-parenting communication app adopted through family law professionals.,"OurFamilyWizard is clearly deepening its roots in the legal community by hiring Family Law Liaisons to champion the platform to professionals. As more families are introduced to the app through these professional recommendations, there is a significant opportunity to polish the moments where parents first share sensitive health and school records. Enhancing the experience around these high-stakes commitments can accelerate user activation and ensure that the trust established by legal professionals is immediately reinforced by the product. This focus on the initial hand-off will help scale their mission of helping families thrive during difficult transitions.",We believe we can help OurFamilyWizard lift professional-referred family activation to 55%.,Preview the co-parent timeline before account setup.,https://clients.upstory.co/ourfamilywizard,ourfamilywizard,Pending,,
41,Poparide,Long-distance rideshare community with a million members across Canada.,"Poparide has reached an impressive milestone of one million members and is now scaling toward two million while expanding into new North American routes. As they hire a Product Marketing Lead to manage this growth, there is a significant opportunity to polish the high-stakes moments where new users verify their identity and commit to their first real-world carpool. By focusing on the experience of these payout and verification steps, Poparide can accelerate the activation of new members across these expansion markets. This level of product polish will ensure that the 'creative engine' they are building translates into seamless user adoption as they scale nationally.",We believe we can help Poparide book a first trip for 40% of new members.,Earn trust before the first message to a driver.,https://clients.upstory.co/poparide,poparide,Pending,,
42,Portola,"Voice-first AI companion Tolan focused on character, memory, and conversation.","Portola is clearly scaling Tolan as a voice-first, character-driven companion and is investing in the visual and conversational experience (3D, voice-native characters, and AI experience writers). With fresh capital and active design hiring they're likely focused on shipping higher-polish, public-facing moments that govern first impressions — permission/voice onboarding, the first conversations that establish character continuity, and the app surfaces that prepare users for ongoing, remembered interactions. Upstory could credibly help by externally evaluating those user-facing moments from an outside-in perspective, identifying straightforward experience patterns and microcopy/interaction refinements that increase confidence during first-run flows and help the company roll out new characters or features without slowing their product velocity.",We believe we can help Portola lift week-one return rate for new Tolan users by 20%.,Make the first voice exchange feel complete before signup depth.,https://clients.upstory.co/portola,portola,Pending,,
43,Push Health,Telehealth platform for independent clinicians and transparent prescriptions.,"Push Health is successfully building a scalable telehealth platform that empowers independent clinicians to run virtual practices while providing patients with transparent access to prescriptions and lab testing. As they continue to grow their network of over 1,000,000 patients and 55,000 pharmacies, the public-facing onboarding and the patient-facing journey for ordering labs or prescriptions become high-leverage moments for driving adoption. Helping them refine these specific flows from the outside-in could accelerate provider sign-ups and patient activation as they expand their service offerings. This approach enables their ambition of making virtual medical practice setup and patient care feel effortless at scale.",We believe we can help Push Health lift patient visit completion to 75% of started intakes.,Show clinician credentials and visit price upfront.,https://clients.upstory.co/push-health,push-health,Pending,,
44,QuickTutor,Real-time tutoring marketplace expanding across app stores and international markets.,"QuickTutor appears to be moving from a single-platform MVP toward multi-platform and international availability, which suggests they’re trying to turn more casual signups into completed bookings and repeat users across new app stores and markets. The public-facing booking, payment, and first-session flows will be high-leverage for making those launches stick in new regions and platforms. Upstory could come in as an external, observation-driven partner to help map and prioritize those visible user moments across platforms and markets so QuickTutor can roll out with consistent conversion and onboarding polish without diverting their internal hires.",We believe we can help QuickTutor lift first session booked to 45% of new tutor and learner signups.,Preview a booked session before payment capture.,https://clients.upstory.co/quicktutor,quicktutor,Pending,,
45,Spetz,AI marketplace matching consumers to nearby service pros in seconds across four countries.,"Spetz is clearly scaling the Sonic-facing side of its business and positioning SonicStrategy to be a bridge between institutional capital and the Sonic ecosystem; Upstory could help them accelerate public-facing product experiences that support adoption and institutional onboarding (for example, polishing the consumer-facing flows that reassure users before they commit to booking or staking actions, and shaping repeatable launch templates for new market or partner integrations) while aligning with their IR and investor-facing narratives.",We believe we can help Spetz lift booking completion to 50% of matched requests.,Surface pro rating and ETA before booking commit.,https://clients.upstory.co/spetz,spetz,Pending,,
46,Stake,Renter cash-back product scaling after UMoveFree integration and new financing.,"Stake is scaling its renter-facing product after new financing and the integration of Lighthouse/UMoveFree, and is pushing Cash Back offers into search, leasing, and rent-payments — all moments where renters must commit money or sign a lease. Helping Stake translate those web and partner-driven flows into a high-confidence, polished mobile experience (especially the moments where renters opt into Cash Back, link payment methods, or complete lease-signing/onboarding) would accelerate adoption of the newly integrated capabilities without adding headcount. Upstory can act as a focused, external partner to shape those public-facing mobile moments so Stake’s recent acquisition and product expansion convert more of the attention they’re already driving into durable activation.",We believe we can help Stake move 40% of UMoveFree renters to first rent payment.,Prove the Cash Back payoff in the first session after handoff so more UMoveFree renters schedule first rent payment.,https://clients.upstory.co/stake,stake,Pending,,
47,Super Unlimited,Mobile app studio acquiring and scaling subscription and ad-based consumer apps globally.,"Super Unlimited is clearly working to turn massive organic distribution into durable, monetizable customer relationships while continuing to buy and scale mobile apps into a coherent portfolio. That ambition makes the public first-run and subscription flows for each app extremely high-leverage: small improvements to how new users encounter identity prompts, permissions, and paid options can speed monetization and make acquired apps more predictable for M&A. From an outside-in perspective, Upstory could help by running short, observational engagements on the public onboarding and subscription entry points across one or two portfolio apps to surface prioritized product polish improvements that preserve growth velocity while improving conversion clarity for new users. Framing this as accelerating their ability to convert downloads into predictable, acquisition-ready revenue will align with both their growth and M&A objectives.",We believe we can help Super Unlimited lift trial-to-paid conversion to 40% on flagship VPN onboarding.,Sequence permissions after a clear free benefit.,https://clients.upstory.co/super-unlimited,super-unlimited,Pending,,
48,Swifto,"On-demand dog walking and pet care, expanding through acquisition in new markets.","Swifto's recent acquisition of Wagz 'n Whiskerz signals a bold move to scale its high-touch, technology-enabled pet care model into the North Carolina market. As the company expands its footprint beyond its core New York and Miami hubs, the digital-to-physical handoff—specifically the initial scheduling and 'Meet & Greet' experience—becomes a critical driver for new user activation. There is an opportunity to help Swifto refine these high-leverage moments to ensure their reputation for excellence and personal touch remains consistent across every new city they enter. Polishing this experience from the outside-in could accelerate their national rollout and reinforce their position as the most trusted name in professional dog walking.",We believe we can help Swifto lift Meet & Greet to first paid walk conversion to 55%.,Set expectations before the Meet & Greet is booked.,https://clients.upstory.co/swifto,swifto,Pending,,
49,Tandym,Branded-card payments network integrated into PublicSquare's merchant fintech stack.,"Tandym is currently scaling its branded-card capability into a larger merchant network following its integration into PublicSquare’s fintech ecosystem. This rollout makes merchant-facing signup, developer onboarding docs, and consumer digital-card activation flows high-leverage areas for driving adoption. Upstory could help Tandym polish the public merchant integration and consumer activation experience from an outside-in perspective. This would ensure new partner launches convert smoothly and show stronger early adoption as the platform expands its footprint.",We believe we can help Tandym lift merchant go-live to first card swipe to 50%.,Preview card rewards on a sample checkout before dev work.,https://clients.upstory.co/tandym,tandym,Pending,,
50,TenantPay,Digital rent payments with credit reporting and rewards for tenants and property managers in Canada.,"TenantPay is positioning itself to deepen tenant engagement and landlord adoption by turning rent into a credit-building and rewards experience while keeping fees and integrations transparent for property managers. As they push Equifax reporting, reward mechanics, and partnerships with platforms like Yardi and QuickBooks, the public-facing moments where tenants pick payment methods and enroll in credit reporting will strongly influence adoption. Upstory could help TenantPay refine those outward-facing enrollment and payment-choice moments to increase program uptake during new feature rollouts or partner integrations. This would help accelerate adoption and amplify the value of their strategic partnerships without requiring internal metric access.",We believe we can help TenantPay lift credit-reporting enrollment to 55% of active payers.,Show credit impact before payment method selection.,https://clients.upstory.co/tenantpay,tenantpay,Pending,,
51,The Arena,"SocialFi app on Avalanche with launchpad and DEX, integrating Arcade2Earn gaming rewards.","The Arena's recent acquisition of Arcade2Earn represents a bold step toward bridging SocialFi and the gaming economy, creating a unique opportunity to lead in the on-chain creator space. As they integrate Arcade's Mission Pool system and hire a Product Design Lead for their AI platform, there is a high-leverage window to ensure the onboarding experience for these new gaming-centric financial rewards is seamless for their 200,000+ users. Polishing the moments where creators and gamers first engage with these integrated tools will be essential for driving the next phase of platform growth and ecosystem adoption. Upstory can help accelerate this integration by focusing on the specific product moments that turn new gaming features into long-term user retention.",We believe we can help The Arena lift Arcade mission activation to 35% of existing SocialFi users.,Preview mission rewards before wallet connect depth.,https://clients.upstory.co/the-arena,the-arena,Pending,,
52,TiiCKER,Shareholder perks and RetailID verification connecting investors to brand rewards.,"TiiCKER is actively turning verified share ownership into a consumer product (TickerPerks) and global enterprise capability (RetailID) to scale shareholder engagement and reward experiences. That means they're focused on increasing activation and adoption of account-linking and perk-claiming flows across web and mobile, while also supporting B2B deployments for public companies. Upstory could help TiiCKER accelerate those launches by improving the public-facing verification and onboarding experience—the moments where users connect brokerages, confirm holdings, and claim perks—so they can drive smoother adoption at scale without burdens on engineering or product teams. A short, external engagement that refines the multi-step linking and claim experience would likely lift conversion and retention during the rollout window.",We believe we can help TiiCKER lift brokerage verification completion to 50% of perk claim starts.,Show a claimed perk before brokerage OAuth.,https://clients.upstory.co/tiicker,tiicker,Pending,,
53,Tlon,Privacy-forward messenger evolving into a social OS with built-in AI agents.,"Tlon is clearly pushing beyond a niche messenger toward a broader social OS by baking an AI agent with a cryptographic identity into new accounts; they’re trying to make a privacy-forward, identity-first experience that feels polished and simple for new users. That ambition makes the public-facing onboarding and initial account setup especially high-leverage—it's where people first decide to commit an identity and keep using the product. Upstory could come in as a short, outcome-focused partner to observe and refine the first-run experience and the agent-onboarding flow so those public-facing moments better convert new signups into active, returning users—helping Tlon scale the messenger toward the social-OS vision without adding heavy hiring overhead.",We believe we can help Tlon lift new-account week-one retention to 35%.,Make the first agent interaction feel complete before invites.,https://clients.upstory.co/tlon,tlon,Pending,,
54,Trustworthy,"Family Operating System automating organization across email, docs, and accounts.","Trustworthy recently launched Trustworthy NEXT, a major evolution that automates family organization by connecting emails, documents, and accounts. This move toward a more integrated 'Family Operating System' creates an exciting opportunity to refine the public-facing flows where users first link these sensitive sources. Polishing these specific onboarding moments can help accelerate member activation and ensure that the value of the new automated features is felt immediately. We could help amplify this launch by ensuring the experience of handing over sensitive access feels as modern and seamless as the underlying technology.",We believe we can help Trustworthy lift Trustworthy NEXT activation to 45% of existing families.,Show a sample Family OS dashboard before broad permissions.,https://clients.upstory.co/trustworthy,trustworthy,Pending,,
55,Upwards,Care-as-a-service platform for employers and governments connecting families and providers.,"Upwards is scaling its care-as-a-service platform across employers and local governments, a growth phase that requires repeatable, polished public-facing moments where families and providers commit to enrollment and payments. Upstory could help Upwards accelerate these expansions by bringing outside observational research to refine the family and provider enrollment flows. This would ensure that public-facing signup and program launch pages feel consistently complete and conversion-ready across every new partner launch without requiring additional internal headcount.",We believe we can help Upwards lift family-to-provider match completion to 60%.,Show provider credentials before family commits to match.,https://clients.upstory.co/upwards,upwards,Pending,,
56,Vinovest,"Fine wine and whiskey investing platform, recently acquired by StartEngine.","Vinovest is clearly working to scale access to fine wine and whiskey investing now that it has joined StartEngine’s larger network and is actively hiring product and customer-facing roles to support growth. As they integrate into a broader platform and aim to grow the combined user base, the public-facing account funding, portfolio onboarding, and trade/withdrawal flows will be high-leverage moments for driving adoption and perceived reliability. We could help Vinovest accelerate that rollout by treating those visible user moments as product launches—helping design and validate crisp, repeatable flows that preserve product polish while scaling across StartEngine’s audience. That support would let Vinovest move faster without pulling senior product bandwidth away from integration work.",We believe we can help Vinovest fund 25% more new accounts on StartEngine.,Show a sample portfolio outcome before the minimum transfer.,https://clients.upstory.co/vinovest,vinovest,Pending,,
57,Whisker Labs,Ting home electrical fire sensor distributed through insurer partnerships.,"Whisker Labs is clearly moving to scale Ting through insurer partnerships and large distributed deployments, and their current priority is getting devices into homes and driving sustained adoption so partners can show measurable risk reduction. That public-facing onboarding, device setup, and alerting experience are the moments that determine whether an insurer rollout converts into active, retained users; polishing those flows from the outside-in can shorten partner launch timelines and amplify the impact of each new insurer program. Upstory can come in as a short-term, high-focus partner to help refine the consumer-facing signup, first-use setup, and alert acceptance language/flows so each insurer integration feels polished and reliable without draining internal product bandwidth. This helps Whisker scale distribution faster while preserving the product experience that underpins claims and retention wins.",We believe we can help Whisker Labs lift Ting device activation to 80% after devices ship.,Make install success visible before the insurer report.,https://clients.upstory.co/whisker-labs,whisker-labs,Pending,,
58,Windscribe,"Privacy VPN and DNS (Control D) used by millions, scaling infrastructure and protocol defaults.","Windscribe is clearly executing on infrastructure scale and product hardening while navigating new regulatory pressure — they’re trying to expand capacity and surface-level polish so millions of users continue to adopt and rely on Windscribe’s network and Control D DNS service. The public-facing moments where users opt into DNS services, select a protocol, or complete first-run setup will be high-leverage for keeping adoption and retention strong during this rollout and any regulatory frictions. Upstory could come in as an external, observation-driven partner to rapidly surface and validate small, high-impact refinements to those onboarding and opt-in flows so Windscribe can maximize adoption of new defaults (WireGuard, Control D) and minimize friction during the infrastructure migration — without asking for internal metrics or committing the team to a long internal project.",We believe we can help Windscribe lift first-session protocol adoption to 55% of new installs.,Clarify Control D and WireGuard choices at first run.,https://clients.upstory.co/windscribe,windscribe,Pending,,
59,WinIt,"Legal-tech tools that guide consumers through disputes, tickets, and claims.","WinIt is in growth mode to expand its legal-tech product suite and operationalize newer offerings from the ground up, as evidenced by the Growth Product Manager opening and other growth hires. That ambition creates an opportunity to help them polish the public-facing experiences where users must submit disputes, evidence, or payments—moments that shape whether someone completes a dispute or drops out. As an external partner, Upstory could help accelerate those launches by shaping the consumer-facing flow for new products and launch pages so they feel confidently finished at first use. This allows WinIt’s product and growth teams to ship faster without overloading internal design capacity.",We believe we can help WinIt lift dispute submission completion to 70%.,Walk users through evidence before they commit to filing.,https://clients.upstory.co/winit,winit,Pending,,
